algorithm,input,n,run,data_seed,pivot_seed,time_ns,time_ms,comparisons,max_depth
MergeSort,random,1000,1,33525,20108,189300,0.189300,9635,8
MergeSort,random,1000,2,33525,20109,190600,0.190600,9635,8
MergeSort,random,1000,3,33525,20110,187300,0.187300,9635,8
MergeSort,random,1000,4,33525,20111,185900,0.185900,9635,8
MergeSort,random,1000,5,33525,20112,220700,0.220700,9635,8
QuickSort,random,1000,1,33525,20108,284100,0.284100,11739,6
QuickSort,random,1000,2,33525,20109,251600,0.251600,11033,6
QuickSort,random,1000,3,33525,20110,362400,0.362400,11841,6
QuickSort,random,1000,4,33525,20111,655400,0.655400,11880,6
QuickSort,random,1000,5,33525,20112,251500,0.251500,10824,6
QuickSelect,random,1000,1,33525,20108,96300,0.096300,4517,1
QuickSelect,random,1000,2,33525,20109,146800,0.146800,2428,1
QuickSelect,random,1000,3,33525,20110,160100,0.160100,4779,1
QuickSelect,random,1000,4,33525,20111,69200,0.069200,3269,1
QuickSelect,random,1000,5,33525,20112,59900,0.059900,2934,1
MergeSort,random,10000,1,312525,173108,2243700,2.243700,127041,11
MergeSort,random,10000,2,312525,173109,2281700,2.281700,127041,11
MergeSort,random,10000,3,312525,173110,3449400,3.449400,127041,11
MergeSort,random,10000,4,312525,173111,4261400,4.261400,127041,11
MergeSort,random,10000,5,312525,173112,6016600,6.016600,127041,11
QuickSort,random,10000,1,312525,173108,1354900,1.354900,164529,8
QuickSort,random,10000,2,312525,173109,2935100,2.935100,155200,9
QuickSort,random,10000,3,312525,173110,2990600,2.990600,157850,9
QuickSort,random,10000,4,312525,173111,3207300,3.207300,168734,9
QuickSort,random,10000,5,312525,173112,3028500,3.028500,175413,8
QuickSelect,random,10000,1,312525,173108,288100,0.288100,46715,1
QuickSelect,random,10000,2,312525,173109,166600,0.166600,26309,1
QuickSelect,random,10000,3,312525,173110,154500,0.154500,23293,1
QuickSelect,random,10000,4,312525,173111,146800,0.146800,22656,1
QuickSelect,random,10000,5,312525,173112,227000,0.227000,35880,1
MergeSort,random,100000,1,3102525,1703108,27818800,27.818800,1639252,14
MergeSort,random,100000,2,3102525,1703109,27377700,27.377700,1639252,14
MergeSort,random,100000,3,3102525,1703110,25979900,25.979900,1639252,14
MergeSort,random,100000,4,3102525,1703111,11689100,11.689100,1639252,14
MergeSort,random,100000,5,3102525,1703112,12756000,12.756000,1639252,14
QuickSort,random,100000,1,3102525,1703108,22282900,22.282900,2054923,10
QuickSort,random,100000,2,3102525,1703109,34798100,34.798100,2074751,10
QuickSort,random,100000,3,3102525,1703110,14906500,14.906500,2026898,11
QuickSort,random,100000,4,3102525,1703111,21391500,21.391500,2094324,11
QuickSort,random,100000,5,3102525,1703112,16052700,16.052700,2145213,10
QuickSelect,random,100000,1,3102525,1703108,2077300,2.077300,373053,1
QuickSelect,random,100000,2,3102525,1703109,2051900,2.051900,386330,1
QuickSelect,random,100000,3,3102525,1703110,1411700,1.411700,245958,1
QuickSelect,random,100000,4,3102525,1703111,4070600,4.070600,543269,1
QuickSelect,random,100000,5,3102525,1703112,1218000,1.218000,186404,1
MergeSort,random,1000000,1,31002525,17003108,279209100,279.209100,19886588,18
MergeSort,random,1000000,2,31002525,17003109,164120700,164.120700,19886588,18
MergeSort,random,1000000,3,31002525,17003110,162686600,162.686600,19886588,18
MergeSort,random,1000000,4,31002525,17003111,326048300,326.048300,19886588,18
MergeSort,random,1000000,5,31002525,17003112,183635700,183.635700,19886588,18
QuickSort,random,1000000,1,31002525,17003108,202476500,202.476500,24738302,13
QuickSort,random,1000000,2,31002525,17003109,189654600,189.654600,25202544,13
QuickSort,random,1000000,3,31002525,17003110,290167800,290.167800,26336032,13
QuickSort,random,1000000,4,31002525,17003111,252769700,252.769700,26482423,13
QuickSort,random,1000000,5,31002525,17003112,233794000,233.794000,24773692,13
QuickSelect,random,1000000,1,31002525,17003108,19651700,19.651700,2818297,1
QuickSelect,random,1000000,2,31002525,17003109,34501800,34.501800,5434443,1
QuickSelect,random,1000000,3,31002525,17003110,23218300,23.218300,3377610,1
QuickSelect,random,1000000,4,31002525,17003111,54947900,54.947900,5634869,1
QuickSelect,random,1000000,5,31002525,17003112,21213800,21.213800,1904549,1
MergeSort,sorted,1000,1,33526,20209,33600,0.033600,4236,8
MergeSort,sorted,1000,2,33526,20210,33300,0.033300,4236,8
MergeSort,sorted,1000,3,33526,20211,47800,0.047800,4236,8
MergeSort,sorted,1000,4,33526,20212,33500,0.033500,4236,8
MergeSort,sorted,1000,5,33526,20213,33300,0.033300,4236,8
QuickSort,sorted,1000,1,33526,20209,74000,0.074000,10754,6
QuickSort,sorted,1000,2,33526,20210,160600,0.160600,10790,6
QuickSort,sorted,1000,3,33526,20211,42300,0.042300,12447,7
QuickSort,sorted,1000,4,33526,20212,38500,0.038500,11565,6
QuickSort,sorted,1000,5,33526,20213,37400,0.037400,11595,6
QuickSelect,sorted,1000,1,33526,20209,3500,0.003500,3316,1
QuickSelect,sorted,1000,2,33526,20210,2900,0.002900,1951,1
QuickSelect,sorted,1000,3,33526,20211,6200,0.006200,4370,1
QuickSelect,sorted,1000,4,33526,20212,3700,0.003700,2977,1
QuickSelect,sorted,1000,5,33526,20213,4400,0.004400,3464,1
MergeSort,sorted,10000,1,312526,173209,610200,0.610200,59248,11
MergeSort,sorted,10000,2,312526,173210,762500,0.762500,59248,11
MergeSort,sorted,10000,3,312526,173211,459900,0.459900,59248,11
MergeSort,sorted,10000,4,312526,173212,561200,0.561200,59248,11
MergeSort,sorted,10000,5,312526,173213,459800,0.459800,59248,11
QuickSort,sorted,10000,1,312526,173209,1038900,1.038900,165820,8
QuickSort,sorted,10000,2,312526,173210,971100,0.971100,153689,9
QuickSort,sorted,10000,3,312526,173211,1000400,1.000400,157191,9
QuickSort,sorted,10000,4,312526,173212,1065700,1.065700,170122,8
QuickSort,sorted,10000,5,312526,173213,953800,0.953800,153438,9
QuickSelect,sorted,10000,1,312526,173209,185600,0.185600,38589,1
QuickSelect,sorted,10000,2,312526,173210,104300,0.104300,20986,1
QuickSelect,sorted,10000,3,312526,173211,157300,0.157300,30015,1
QuickSelect,sorted,10000,4,312526,173212,198900,0.198900,37499,1
QuickSelect,sorted,10000,5,312526,173213,235700,0.235700,47408,1
MergeSort,sorted,100000,1,3102526,1703209,5592200,5.592200,744016,14
MergeSort,sorted,100000,2,3102526,1703210,5630800,5.630800,744016,14
MergeSort,sorted,100000,3,3102526,1703211,5596200,5.596200,744016,14
MergeSort,sorted,100000,4,3102526,1703212,5601300,5.601300,744016,14
MergeSort,sorted,100000,5,3102526,1703213,5705300,5.705300,744016,14
QuickSort,sorted,100000,1,3102526,1703209,12423100,12.423100,2039667,11
QuickSort,sorted,100000,2,3102526,1703210,11912200,11.912200,1983113,11
QuickSort,sorted,100000,3,3102526,1703211,13065600,13.065600,2201095,10
QuickSort,sorted,100000,4,3102526,1703212,13456100,13.456100,2208070,10
QuickSort,sorted,100000,5,3102526,1703213,12357400,12.357400,2001746,11
QuickSelect,sorted,100000,1,3102526,1703209,2657100,2.657100,555802,1
QuickSelect,sorted,100000,2,3102526,1703210,1145100,1.145100,236163,1
QuickSelect,sorted,100000,3,3102526,1703211,1952100,1.952100,389743,1
QuickSelect,sorted,100000,4,3102526,1703212,2298800,2.298800,446189,1
QuickSelect,sorted,100000,5,3102526,1703213,1964100,1.964100,403052,1
MergeSort,sorted,1000000,1,31002526,17003209,76768300,76.768300,9071040,18
MergeSort,sorted,1000000,2,31002526,17003210,81520300,81.520300,9071040,18
MergeSort,sorted,1000000,3,31002526,17003211,82777400,82.777400,9071040,18
MergeSort,sorted,1000000,4,31002526,17003212,111293800,111.293800,9071040,18
MergeSort,sorted,1000000,5,31002526,17003213,85712700,85.712700,9071040,18
QuickSort,sorted,1000000,1,31002526,17003209,203028000,203.028000,24717309,14
QuickSort,sorted,1000000,2,31002526,17003210,243312500,243.312500,26003594,13
QuickSort,sorted,1000000,3,31002526,17003211,220629600,220.629600,25152810,13
QuickSort,sorted,1000000,4,31002526,17003212,188743500,188.743500,25104330,13
QuickSort,sorted,1000000,5,31002526,17003213,219365700,219.365700,25445400,13
QuickSelect,sorted,1000000,1,31002526,17003209,15389400,15.389400,2516059,1
QuickSelect,sorted,1000000,2,31002526,17003210,29697500,29.697500,5390452,1
QuickSelect,sorted,1000000,3,31002526,17003211,31382600,31.382600,4619738,1
QuickSelect,sorted,1000000,4,31002526,17003212,24519000,24.519000,3284873,1
QuickSelect,sorted,1000000,5,31002526,17003213,20765200,20.765200,3062528,1
MergeSort,duplicates,1000,1,33527,20310,101400,0.101400,9140,8
MergeSort,duplicates,1000,2,33527,20311,92400,0.092400,9140,8
MergeSort,duplicates,1000,3,33527,20312,87000,0.087000,9140,8
MergeSort,duplicates,1000,4,33527,20313,85200,0.085200,9140,8
MergeSort,duplicates,1000,5,33527,20314,83000,0.083000,9140,8
QuickSort,duplicates,1000,1,33527,20310,58800,0.058800,3019,3
QuickSort,duplicates,1000,2,33527,20311,61900,0.061900,3495,2
QuickSort,duplicates,1000,3,33527,20312,57300,0.057300,3311,2
QuickSort,duplicates,1000,4,33527,20313,63300,0.063300,3233,2
QuickSort,duplicates,1000,5,33527,20314,60400,0.060400,3135,2
QuickSelect,duplicates,1000,1,33527,20310,20800,0.020800,1000,1
QuickSelect,duplicates,1000,2,33527,20311,44700,0.044700,2707,1
QuickSelect,duplicates,1000,3,33527,20312,15900,0.015900,1000,1
QuickSelect,duplicates,1000,4,33527,20313,38600,0.038600,1755,1
QuickSelect,duplicates,1000,5,33527,20314,33700,0.033700,1724,1
MergeSort,duplicates,10000,1,312527,173310,1569900,1.569900,121586,11
MergeSort,duplicates,10000,2,312527,173311,1571000,1.571000,121586,11
MergeSort,duplicates,10000,3,312527,173312,1562900,1.562900,121586,11
MergeSort,duplicates,10000,4,312527,173313,1570100,1.570100,121586,11
MergeSort,duplicates,10000,5,312527,173314,1565900,1.565900,121586,11
QuickSort,duplicates,10000,1,312527,173310,648200,0.648200,34836,2
QuickSort,duplicates,10000,2,312527,173311,558000,0.558000,35243,2
QuickSort,duplicates,10000,3,312527,173312,572500,0.572500,35061,2
QuickSort,duplicates,10000,4,312527,173313,490500,0.490500,33189,3
QuickSort,duplicates,10000,5,312527,173314,588400,0.588400,36999,2
QuickSelect,duplicates,10000,1,312527,173310,245900,0.245900,15870,1
QuickSelect,duplicates,10000,2,312527,173311,473100,0.473100,32920,1
QuickSelect,duplicates,10000,3,312527,173312,410400,0.410400,26183,1
QuickSelect,duplicates,10000,4,312527,173313,303400,0.303400,19148,1
QuickSelect,duplicates,10000,5,312527,173314,437800,0.437800,28909,1
MergeSort,duplicates,100000,1,3102527,1703310,10045900,10.045900,1561786,14
MergeSort,duplicates,100000,2,3102527,1703311,10016200,10.016200,1561786,14
MergeSort,duplicates,100000,3,3102527,1703312,16146100,16.146100,1561786,14
MergeSort,duplicates,100000,4,3102527,1703313,11699700,11.699700,1561786,14
MergeSort,duplicates,100000,5,3102527,1703314,16726200,16.726200,1561786,14
QuickSort,duplicates,100000,1,3102527,1703310,2092200,2.092200,289870,3
QuickSort,duplicates,100000,2,3102527,1703311,2332800,2.332800,330331,2
QuickSort,duplicates,100000,3,3102527,1703312,2273800,2.273800,310487,2
QuickSort,duplicates,100000,4,3102527,1703313,2289400,2.289400,330175,2
QuickSort,duplicates,100000,5,3102527,1703314,2200500,2.200500,329696,2
QuickSelect,duplicates,100000,1,3102527,1703310,686500,0.686500,100000,1
QuickSelect,duplicates,100000,2,3102527,1703311,1865000,1.865000,289901,1
QuickSelect,duplicates,100000,3,3102527,1703312,1044100,1.044100,170076,1
QuickSelect,duplicates,100000,4,3102527,1703313,1409800,1.409800,230021,1
QuickSelect,duplicates,100000,5,3102527,1703314,1667500,1.667500,260034,1
MergeSort,duplicates,1000000,1,31002527,17003310,123613300,123.613300,18919820,18
MergeSort,duplicates,1000000,2,31002527,17003311,148879400,148.879400,18919820,18
MergeSort,duplicates,1000000,3,31002527,17003312,131675700,131.675700,18919820,18
MergeSort,duplicates,1000000,4,31002527,17003313,130230200,130.230200,18919820,18
MergeSort,duplicates,1000000,5,31002527,17003314,130204200,130.204200,18919820,18
QuickSort,duplicates,1000000,1,31002527,17003310,55180200,55.180200,3000276,3
QuickSort,duplicates,1000000,2,31002527,17003311,21548500,21.548500,2999792,3
QuickSort,duplicates,1000000,3,31002527,17003312,23407100,23.407100,3399309,2
QuickSort,duplicates,1000000,4,31002527,17003313,29895200,29.895200,4301531,2
QuickSort,duplicates,1000000,5,31002527,17003314,23429400,23.429400,2999997,3
QuickSelect,duplicates,1000000,1,31002527,17003310,27815000,27.815000,1999512,1
QuickSelect,duplicates,1000000,2,31002527,17003311,21713200,21.713200,1599804,1
QuickSelect,duplicates,1000000,3,31002527,17003312,18471700,18.471700,1000000,1
QuickSelect,duplicates,1000000,4,31002527,17003313,34049300,34.049300,4500746,1
QuickSelect,duplicates,1000000,5,31002527,17003314,15177400,15.177400,1799777,1
